date,consulting services services,freelance consulting tools,freelance consulting apps,freelance consulting software,freelance consulting solutions,business consulting apps,business consulting services
2023-12-31,0,0,0,0,0,0,0
2024-01-07,0,0,0,0,0,0,0
2024-01-14,0,0,0,0,100,0,0
2024-01-21,63,0,0,0,0,0,0
2024-01-28,47,0,0,0,0,0,0
2024-02-04,77,0,0,0,0,0,0
2024-02-11,59,0,0,0,0,0,0
2024-02-18,0,0,0,0,0,0,0
2024-02-25,55,0,0,0,0,0,0
2024-03-03,45,0,0,0,0,0,0
2024-03-10,0,0,0,0,0,0,0
2024-03-17,52,0,0,0,0,0,0
2024-03-24,45,0,0,0,0,0,0
2024-03-31,44,0,0,0,0,0,0
2024-04-07,0,0,0,0,0,0,0
2024-04-14,50,0,0,0,0,0,0
2024-04-21,60,0,0,0,0,0,0
2024-04-28,49,0,0,0,0,0,0
2024-05-05,58,0,0,0,0,0,0
2024-05-12,0,0,0,0,0,0,0
2024-05-19,0,0,0,0,0,0,0
2024-05-26,55,0,0,0,0,0,0
2024-06-02,0,0,0,0,0,0,0
2024-06-09,43,0,0,0,0,0,0
2024-06-16,54,0,0,0,0,0,0
2024-06-23,54,0,0,0,0,0,0
2024-06-30,71,0,0,0,0,0,0
2024-07-07,62,0,0,0,0,0,0
2024-07-14,55,0,0,0,0,0,0
2024-07-21,56,0,0,0,0,0,0
2024-07-28,0,0,0,0,0,0,0
2024-08-04,100,0,0,0,0,0,0
2024-08-11,0,0,0,0,0,0,0
2024-08-18,64,0,0,0,0,0,0
2024-08-25,45,0,0,0,0,0,0
2024-09-01,67,0,0,0,0,0,0
2024-09-08,0,0,0,100,0,0,0
2024-09-15,85,0,0,0,0,0,0
2024-09-22,87,0,0,0,0,0,0
2024-09-29,0,0,100,0,0,0,0
2024-10-06,0,0,0,0,0,0,0
2024-10-13,0,0,0,0,0,0,0
2024-10-20,42,100,0,0,0,0,0
2024-10-27,0,0,0,0,0,0,0
2024-11-03,67,0,0,0,0,0,0
2024-11-10,57,0,0,0,0,0,0
2024-11-17,55,0,0,0,0,0,0
2024-11-24,90,0,0,0,0,0,0
2024-12-01,63,0,0,0,0,0,0
2024-12-08,78,0,0,0,0,0,0
2024-12-15,31,0,0,0,0,0,100
2024-12-22,34,0,0,0,0,0,0
2024-12-29,37,0,0,0,0,100,0
